<?xml version="1.0" encoding="UTF-8"?>
<metadata>
  <idinfo>
    <citation>
      <citeinfo>
        <origin>Maitreyee Bera</origin>
        <origin>Thomas M. Over</origin>
        <pubdate>2018</pubdate>
        <title>Hourly wind speed in miles per hour and associated three-digit data-source flag, January 1, 1948 - September 30, 2017</title>
        <geoform>The data is available as tab delimited text files (.txt) from the link https://www.sciencebase.gov/catalog/item/5a8c98f2e4b069906054df82 and Watershed Data Management (WDM) database format (.wdm) from the link https://www.sciencebase.gov/catalog/item/5a8c991ae4b069906054df89.</geoform>
        <pubinfo>
          <pubplace>Denver, CO</pubplace>
          <publish>U.S. Geological Survey</publish>
        </pubinfo>
        <onlink>http://dx.doi.org/10.5066/F7H1318R</onlink>
      </citeinfo>
    </citation>
    <descript>
      <abstract>The text file "Wind speed.txt" contains hourly data and associated data-source flag from January 1, 1948, to September 30, 2017. The primary source of the data is Argonne National Laboratory (Argonne National Laboratory, 2017) and is processed following the guidelines documented in Over and others (2010). Missing and apparently erroneous data values were replaced with adjusted values from nearby stations used as “backup”. The Illinois Climate Network (Water and Atmospheric Resources Monitoring Program, 2015) station at St. Charles, Illinois and Midwestern Regional Climate Center (Midwestern Regional Climate Center, 2017) station at Chicago O'Hare International Airport are used as "backup". Each data source flag is of the form "xyz" that allows the user to determine its source and the methods used to process the data (Over and others, 2010).

References Cited:

Argonne National Laboratory, 2017, Meteorological data, accessed on October 25, 2017, at URL http://gonzalo.er.anl.gov/ANLMET/.

Midwestern Regional Climate Center, 2017, Meteorological data, accessed on December 5, 2017, at URL http://mrcc.isws.illinois.edu/CLIMATE/welcome.jsp.

Over, T.M., Price, T.H., and Ishii, A.L., 2010, Development and analysis of a meteorological database, Argonne National Laboratory, Illinois: U.S. Geological Survey Open-File Report 2010-1220, 67 p., http://pubs.usgs.gov/of/2010/1220/.

Water and Atmospheric Resources Monitoring Program, 2015, Illinois Climate Network: Champaign, Ill., Illinois State Water Survey, accessed on December 5, 2017, at http://dx.doi.org/10.13012/J8MW2F2Q.</abstract>
      <purpose>This data set may be used to run the Hydrological Simulation Program- FORTRAN (HSPF) model or any other compatible model for simulating rainfall-runoff in DuPage County and nearby areas in northeastern, Illinois. This database is available to public and other stakeholders for the purpose of doing similar research.</purpose>
    </descript>
    <timeperd>
      <timeinfo>
        <rngdates>
          <begdate>19480101</begdate>
          <enddate>20170930</enddate>
        </rngdates>
      </timeinfo>
      <current>publication date</current>
    </timeperd>
    <status>
      <progress>Planned</progress>
      <update>Annual</update>
    </status>
    <spdom>
      <bounding>
        <westbc>-87.8948</westbc>
        <eastbc>-88.0948</eastbc>
        <northbc>41.8014</northbc>
        <southbc>41.6014</southbc>
      </bounding>
    </spdom>
    <keywords>
      <theme>
        <themekt>Meteorological Database, Argonne National Laboratory, Illinois</themekt>
        <themekey>wind speed</themekey>
        <themekey>hydrology</themekey>
        <themekey>runoff</themekey>
        <themekey>data-source flag</themekey>
        <themekey>flood forecasting</themekey>
      </theme>
      <theme>
        <themekt>USGS Metadata Identifier</themekt>
        <themekey>USGS:5a8c98f2e4b069906054df82</themekey>
      </theme>
      <place>
        <placekt>Illinois</placekt>
        <placekey>Argonne National Laboratory, Illinois</placekey>
        <placekey>DuPage County, Illinois</placekey>
        <placekey>O'Hare International Airport, Illinois</placekey>
        <placekey>St. Charles, Illinois</placekey>
        <placekey>DeKalb, Illinois</placekey>
      </place>
    </keywords>
    <accconst>none</accconst>
    <useconst>none</useconst>
    <ptcontac>
      <cntinfo>
        <cntperp>
          <cntper>Maitreyee Bera</cntper>
          <cntorg>USGS Central Midwest Water Science Center</cntorg>
        </cntperp>
        <cntaddr>
          <addrtype>mailing and physical</addrtype>
          <address>405 N. Goodwin Ave</address>
          <city>Urbana</city>
          <state>Illinois</state>
          <postal>61801-2347</postal>
          <country>USA</country>
        </cntaddr>
        <cntvoice>217-328-9749</cntvoice>
        <cntemail>mbera@usgs.gov</cntemail>
      </cntinfo>
    </ptcontac>
    <datacred>Argonne National Laboratory staff who collected the primary data; Jennie Atkins, the Director of Water and Atmospheric Resource Monitoring (WARM) program of Illinois State Water Survey (ISWS) for providing the data from the station at St. Charles, Illinois and DeKalb, Illinois; and Midwestern Regional Climate Center (MRCC) of ISWS (http://mrcc.isws.illinois.edu/CLIMATE/index.jsp) for providing the wind speed data collected at the gage at the O'Hare International Airport.</datacred>
  </idinfo>
  <dataqual>
    <attracc>
      <attraccr>No formal attribute accuracy tests were conducted</attraccr>
    </attracc>
    <logic>No formal logical accuracy tests were conducted</logic>
    <complete>Data set is considered complete for the information presented, as described in the abstract. Users are advised to read the rest of the metadata record carefully for additional details.</complete>
    <posacc>
      <horizpa>
        <horizpar>No formal positional accuracy tests were conducted</horizpar>
      </horizpa>
      <vertacc>
        <vertaccr>No formal positional accuracy tests were conducted</vertaccr>
      </vertacc>
    </posacc>
    <lineage>
      <procstep>
        <procdesc>Hourly values of wind speed in Langleys from October 1, 2016, to September 30, 2017, is downloaded from Argonne National Laboratory (Argonne National Laboratory, 2017) and is processed following the guidelines documented in Over and others (2010). Missing and apparently erroneous data values were replaced with adjusted values from nearby stations used as “backup”.  Temporal variations in the statistical properties of the data resulting from changes in measurement and data storage methodologies were adjusted to match the statistical properties resulting from the data collection procedures that have been in place since January 1, 1989 (Over and others, 2010). The adjustments were computed based on the regressions between the primary data series from ANL and the backup series using data obtained during common periods; the statistical properties of the regressions were used to assign estimated standard errors to values that were adjusted or filled from other series. The Illinois Climate Network (Water and Atmospheric Resources Monitoring Program, 2015) station at St. Charles, Illinois and Midwestern Regional Climate Center (Midwestern Regional Climate Center, 2017) station at Chicago O'Hare International Airport are used as "backup". Each data source flag is of the form "xyz" that allows the user to determine its source and the methods used to process the data (Over and others, 2010).

References Cited:

Argonne National Laboratory, 2017, Meteorological data, accessed on October 25, 2017, at URL http://gonzalo.er.anl.gov/ANLMET/.

Midwestern Regional Climate Center, 2017, Meteorological data, accessed on December 5, 2017, at URL http://mrcc.isws.illinois.edu/CLIMATE/welcome.jsp.

Over, T.M., Price, T.H., and Ishii, A.L., 2010, Development and analysis of a meteorological database, Argonne National Laboratory, Illinois: U.S. Geological Survey Open-File Report 2010-1220, 67 p., http://pubs.usgs.gov/of/2010/1220/.

Water and Atmospheric Resources Monitoring Program, 2015, Illinois Climate Network: Champaign, Ill., Illinois State Water Survey, accessed on December 5, 2017, at http://dx.doi.org/10.13012/J8MW2F2Q.</procdesc>
        <procdate>20171221</procdate>
      </procstep>
    </lineage>
  </dataqual>
  <eainfo>
    <overview>
      <eaover>NAME DESCRIPTION
Year: Year of sample
Month: Month of sample
Day: Day of sample
hh: Hour of sample
mm: Minute of sample
Data: Wind speed in miles per hour
Flag: three-digit data-source flag in the form "xyz"</eaover>
      <eadetcit>http://dx.doi.org/10.5066/F7H1318R</eadetcit>
    </overview>
  </eainfo>
  <distinfo>
    <distrib>
      <cntinfo>
        <cntperp>
          <cntper>U.S. Geological Survey ScienceBase</cntper>
          <cntorg>USGS Central Midwest Water Science Center</cntorg>
        </cntperp>
        <cntaddr>
          <addrtype>mailing and physical</addrtype>
          <address>Denver Federal Center Building 810 Mail Stop 302</address>
          <city>Denver</city>
          <state>Colorado</state>
          <postal>80225</postal>
          <country>USA</country>
        </cntaddr>
        <cntvoice>18882758747</cntvoice>
        <cntemail>sciencebase@usgs.gov</cntemail>
      </cntinfo>
    </distrib>
    <distliab>Any use of trade, firm, or product names is for descriptive purposes only and does not imply endorsement by the U.S. Government. Although this information product, for the most part, is in the public domain, it may contain copyrighted materials if noted in the text. Permission to reproduce copyrighted items must be secured from the copyright owner whenever applicable. The data have been approved for release and publication by the U.S. Geological Survey (USGS). Although the data have been subjected to rigorous review and are substantially complete, the USGS reserves the right to revise the data pursuant to further analysis and review. Furthermore, the data are released on the condition that neither the USGS nor the U.S. Government may be held liable for any damages resulting from authorized or unauthorized use. Although the data have been processed successfully on a computer system at the U.S. Geological Survey, no warranty expressed or implied is made regarding the display or utility of the data on any other system, or for general or scientific purposes, nor shall the act of distribution constitute any such warranty. The U.S. Geological Survey or the U.S. Government shall not be held liable for improper or incorrect use of the data described and/or contained herein. Users of the data are advised to read all metadata and associated documentation thoroughly to understand appropriate use and data limitations.</distliab>
    <stdorder>
      <digform>
        <digtinfo>
          <formname>WDM</formname>
          <formvern>NA</formvern>
          <formspec>NA</formspec>
          <formcont>DSN 300 contains wind speed data in miles per hour and DSN 310 contains the associated three-digit data-source flag.</formcont>
          <transize>20.0</transize>
        </digtinfo>
        <digtopt>
          <onlinopt>
            <computer>
              <networka>
                <networkr>http://dx.doi.org/10.5066/F7H1318R</networkr>
              </networka>
            </computer>
            <accinstr>File is available to download free of charge.</accinstr>
          </onlinopt>
        </digtopt>
      </digform>
      <fees>NONE</fees>
    </stdorder>
    <techpreq>This Text file can be opened by any text editor or MS Excel. To open the WDM file the user needs to install any of the utilities described in the section "Related External Resources" from the page at the link https://www.sciencebase.gov/catalog/item/5a8c991ae4b069906054df89.</techpreq>
  </distinfo>
  <metainfo>
    <metd>20200814</metd>
    <metc>
      <cntinfo>
        <cntperp>
          <cntper>Maitreyee Bera</cntper>
          <cntorg>USGS Central Midwest Water Science Center</cntorg>
        </cntperp>
        <cntpos>Hydrologic Technician</cntpos>
        <cntaddr>
          <addrtype>mailing and physical</addrtype>
          <address>405 N. Goodwin Ave</address>
          <city>Urbana</city>
          <state>Illinois</state>
          <postal>61801-2347</postal>
          <country>USA</country>
        </cntaddr>
        <cntvoice>217-328-9749</cntvoice>
        <cntemail>mbera@usgs.gov</cntemail>
      </cntinfo>
    </metc>
    <metstdn>Content Standard for Digital Geospatial Metadata</metstdn>
    <metstdv>FGDC-STD-001-1998</metstdv>
  </metainfo>
</metadata>
